{
  "simple_tests": {
    "binary_classification": {
      "test_name": "Binary Classification",
      "toolbox": {
        "accuracy": 1.0,
        "time": 0.16114306449890137,
        "success": true
      },
      "sklearn": {
        "accuracy": 1.0,
        "time": 0.015692949295043945,
        "success": true
      }
    },
    "multiclass_classification": {
      "test_name": "Multi-class Classification",
      "toolbox": {
        "accuracy": 0.86,
        "time": 0.17879676818847656,
        "success": true
      },
      "sklearn": {
        "accuracy": 0.98,
        "time": 0.024227142333984375,
        "success": true
      }
    },
    "simple_regression": {
      "test_name": "Simple Regression",
      "toolbox": {
        "r2_score": 0.9913052709870561,
        "time": 0.14797496795654297,
        "success": true
      },
      "sklearn": {
        "r2_score": 0.993735216471442,
        "time": 0.013351917266845703,
        "success": true
      }
    },
    "basic_clustering": {
      "test_name": "Basic Clustering",
      "toolbox": {
        "silhouette_score": 0.43638008982817705,
        "time": 2.2981581687927246,
        "success": true
      },
      "sklearn": {
        "silhouette_score": 0.43638008982817705,
        "time": 0.025267601013183594,
        "success": true
      }
    }
  },
  "medium_tests": {
    "high_dim_classification": {
      "test_name": "High-dimensional Classification",
      "toolbox": {
        "accuracy": 0.978,
        "time": 0.3202822208404541,
        "success": true
      },
      "sklearn": {
        "accuracy": 0.992,
        "time": 0.03308558464050293,
        "success": true
      }
    },
    "imbalanced_classification": {
      "test_name": "Imbalanced Classification",
      "toolbox": {
        "accuracy": 0.9818181818181818,
        "time": 0.15827250480651855,
        "success": true
      },
      "sklearn": {
        "accuracy": 0.9772727272727273,
        "time": 0.019967079162597656,
        "success": true
      }
    },
    "time_series_regression": {
      "test_name": "Time Series Regression",
      "toolbox": {
        "r2_score": 0.997824181861453,
        "time": 0.1298511028289795,
        "success": true
      },
      "sklearn": {
        "r2_score": 0.9986033091054656,
        "time": 0.015753507614135742,
        "success": true
      }
    },
    "multi_output_regression": {
      "test_name": "Multi-output Regression",
      "toolbox": {
        "r2_score": 0.973496325652276,
        "time": 0.13377761840820312,
        "success": true
      },
      "sklearn": {
        "r2_score": 0.9788386919962642,
        "time": 0.014617919921875,
        "success": true
      }
    },
    "feature_selection": {
      "test_name": "Feature Selection",
      "toolbox": {
        "num_features": 5,
        "time": 0.008986711502075195,
        "success": true
      },
      "sklearn": {
        "num_features": "5",
        "time": 0.0010039806365966797,
        "success": true
      }
    }
  },
  "hard_tests": {
    "very_high_dim": {
      "test_name": "Very High-dimensional",
      "toolbox": {
        "accuracy": 0.93,
        "time": 0.5364904403686523,
        "success": true
      },
      "sklearn": {
        "accuracy": 0.984,
        "time": 0.06577110290527344,
        "success": true
      }
    },
    "nonlinear_patterns": {
      "test_name": "Non-linear Patterns",
      "toolbox": {
        "accuracy": 1.0,
        "time": 0.11862921714782715,
        "success": true
      },
      "sklearn": {
        "accuracy": 0.9966666666666667,
        "time": 0.014393806457519531,
        "success": true
      }
    },
    "sparse_data": {
      "test_name": "Sparse Data",
      "toolbox": {
        "accuracy": 1.0,
        "time": 0.12688517570495605,
        "success": true
      },
      "sklearn": {
        "accuracy": 1.0,
        "time": 0.013937950134277344,
        "success": true
      }
    },
    "noisy_data": {
      "test_name": "Noisy Data",
      "toolbox": {
        "accuracy": 0.905,
        "time": 0.12933135032653809,
        "success": true
      },
      "sklearn": {
        "accuracy": 0.985,
        "time": 0.01425313949584961,
        "success": true
      }
    },
    "ensemble": {
      "test_name": "Ensemble Learning",
      "toolbox": {
        "accuracy": 0.9966666666666667,
        "time": 0.16872906684875488,
        "success": true
      },
      "sklearn": {
        "accuracy": 1.0,
        "time": 0.030905961990356445,
        "success": true
      }
    }
  },
  "np_complete_tests": {
    "tsp": {
      "toolbox": {
        "time": 0.0,
        "distance": 465.0384155596449,
        "method": "heuristic"
      },
      "baseline": {
        "time": 0.0009958744049072266,
        "distance": 465.0384155596449,
        "method": "nearest_neighbor"
      }
    },
    "graph_coloring": {
      "toolbox": {
        "time": 0.0,
        "num_colors": 5,
        "valid": true
      },
      "baseline": {
        "time": 0.0,
        "num_colors": 5,
        "valid": true
      }
    },
    "subset_sum": {
      "toolbox": {
        "time": 0.0,
        "found": true,
        "sum": "97",
        "target": 393
      },
      "baseline": {
        "time": 0.0,
        "found": true,
        "sum": "97",
        "target": 393
      }
    },
    "knapsack": {
      "toolbox": {
        "time": 0.0,
        "value": "750",
        "weight": "89",
        "capacity": 89
      },
      "baseline": {
        "time": 0.0,
        "value": "750",
        "weight": "89",
        "capacity": 89
      }
    },
    "optimal_feature_selection": {
      "toolbox": {
        "time": 0.01181793212890625,
        "num_features": 5,
        "score": 0.7690365309967215
      },
      "sklearn": {
        "time": 0.014273643493652344,
        "num_features": 5,
        "score": 0.9798237092091626
      }
    }
  },
  "summary": {
    "total_tests": 19,
    "toolbox_wins": 2,
    "sklearn_wins": 8,
    "ties": 4,
    "toolbox_errors": 0,
    "sklearn_errors": 0,
    "accuracy_comparison": {},
    "speed_comparison": {
      "binary_classification": 0.09738519832574573,
      "multiclass_classification": 0.1355010080967773,
      "simple_regression": 0.09023091845349729,
      "basic_clustering": 0.010994718012145023,
      "high_dim_classification": 0.1033013463990692,
      "imbalanced_classification": 0.12615633515755983,
      "time_series_regression": 0.12131978297391831,
      "multi_output_regression": 0.10927029570275743,
      "feature_selection": 0.11171835619345767,
      "very_high_dim": 0.12259510693252701,
      "nonlinear_patterns": 0.12133441325489834,
      "sparse_data": 0.10984695459371095,
      "noisy_data": 0.11020637656579808,
      "ensemble": 0.18316916324832097
    },
    "test_categories": {
      "simple_tests": {
        "total": 4,
        "toolbox_wins": 0,
        "sklearn_wins": 2,
        "ties": 2
      },
      "medium_tests": {
        "total": 5,
        "toolbox_wins": 1,
        "sklearn_wins": 3,
        "ties": 1
      },
      "hard_tests": {
        "total": 5,
        "toolbox_wins": 1,
        "sklearn_wins": 3,
        "ties": 1
      },
      "np_complete_tests": {
        "total": 5,
        "toolbox_wins": 0,
        "sklearn_wins": 0,
        "ties": 0
      }
    },
    "toolbox_win_rate": 10.526315789473683,
    "sklearn_win_rate": 42.10526315789473,
    "tie_rate": 21.052631578947366
  }
}