{
  "simple_tests": {
    "binary_classification": {
      "test_name": "Binary Classification",
      "toolbox": {
        "accuracy": 1.0,
        "time": 0.11664795875549316,
        "success": true
      },
      "sklearn": {
        "accuracy": 1.0,
        "time": 0.015760421752929688,
        "success": true
      }
    },
    "multiclass_classification": {
      "test_name": "Multi-class Classification",
      "toolbox": {
        "accuracy": 0.86,
        "time": 0.16063594818115234,
        "success": true
      },
      "sklearn": {
        "accuracy": 0.98,
        "time": 0.006654262542724609,
        "success": true
      }
    },
    "simple_regression": {
      "test_name": "Simple Regression",
      "toolbox": {
        "r2_score": 0.9913052709870561,
        "time": 0.09586286544799805,
        "success": true
      },
      "sklearn": {
        "r2_score": 0.993735216471442,
        "time": 0.014536619186401367,
        "success": true
      }
    },
    "basic_clustering": {
      "test_name": "Basic Clustering",
      "toolbox": {
        "silhouette_score": 0.43638008982817705,
        "time": 1.9174723625183105,
        "success": true
      },
      "sklearn": {
        "silhouette_score": 0.43638008982817705,
        "time": 0.025837421417236328,
        "success": true
      }
    }
  },
  "medium_tests": {
    "high_dim_classification": {
      "test_name": "High-dimensional Classification",
      "toolbox": {
        "accuracy": 0.978,
        "time": 0.23388242721557617,
        "success": true
      },
      "sklearn": {
        "accuracy": 0.992,
        "time": 0.024012088775634766,
        "success": true
      }
    },
    "imbalanced_classification": {
      "test_name": "Imbalanced Classification",
      "toolbox": {
        "accuracy": 0.9818181818181818,
        "time": 0.11230993270874023,
        "success": true
      },
      "sklearn": {
        "accuracy": 0.9772727272727273,
        "time": 0.01300191879272461,
        "success": true
      }
    },
    "time_series_regression": {
      "test_name": "Time Series Regression",
      "toolbox": {
        "r2_score": 0.997824181861453,
        "time": 0.1730661392211914,
        "success": true
      },
      "sklearn": {
        "r2_score": 0.9986033091054656,
        "time": 0.004771709442138672,
        "success": true
      }
    },
    "multi_output_regression": {
      "test_name": "Multi-output Regression",
      "toolbox": {
        "r2_score": 0.973496325652276,
        "time": 0.09305620193481445,
        "success": true
      },
      "sklearn": {
        "r2_score": 0.9788386919962642,
        "time": 0.00867009162902832,
        "success": true
      }
    },
    "feature_selection": {
      "test_name": "Feature Selection",
      "toolbox": {
        "num_features": 5,
        "time": 0.00858926773071289,
        "success": true
      },
      "sklearn": {
        "num_features": "5",
        "time": 0.0005180835723876953,
        "success": true
      }
    }
  },
  "hard_tests": {
    "very_high_dim": {
      "test_name": "Very High-dimensional",
      "toolbox": {
        "accuracy": 0.93,
        "time": 0.44805192947387695,
        "success": true
      },
      "sklearn": {
        "accuracy": 0.984,
        "time": 0.05552411079406738,
        "success": true
      }
    },
    "nonlinear_patterns": {
      "test_name": "Non-linear Patterns",
      "toolbox": {
        "accuracy": 1.0,
        "time": 0.08859634399414062,
        "success": true
      },
      "sklearn": {
        "accuracy": 0.9966666666666667,
        "time": 0.009741544723510742,
        "success": true
      }
    },
    "sparse_data": {
      "test_name": "Sparse Data",
      "toolbox": {
        "accuracy": 1.0,
        "time": 0.09455418586730957,
        "success": true
      },
      "sklearn": {
        "accuracy": 1.0,
        "time": 0.008666515350341797,
        "success": true
      }
    },
    "noisy_data": {
      "test_name": "Noisy Data",
      "toolbox": {
        "accuracy": 0.905,
        "time": 0.10267424583435059,
        "success": true
      },
      "sklearn": {
        "accuracy": 0.985,
        "time": 0.007807016372680664,
        "success": true
      }
    },
    "ensemble": {
      "test_name": "Ensemble Learning",
      "toolbox": {
        "accuracy": 0.9966666666666667,
        "time": 0.1359388828277588,
        "success": true
      },
      "sklearn": {
        "accuracy": 1.0,
        "time": 0.028513431549072266,
        "success": true
      }
    }
  },
  "np_complete_tests": {
    "tsp": {
      "toolbox": {
        "time": 0.0005290508270263672,
        "distance": 465.0384155596449,
        "method": "heuristic"
      },
      "baseline": {
        "time": 0.0,
        "distance": 465.0384155596449,
        "method": "nearest_neighbor"
      }
    },
    "graph_coloring": {
      "toolbox": {
        "time": 0.0,
        "num_colors": 5,
        "valid": true
      },
      "baseline": {
        "time": 0.0011022090911865234,
        "num_colors": 5,
        "valid": true
      }
    },
    "subset_sum": {
      "toolbox": {
        "time": 0.0,
        "found": true,
        "sum": "97",
        "target": 393
      },
      "baseline": {
        "time": 0.0,
        "found": true,
        "sum": "97",
        "target": 393
      }
    },
    "knapsack": {
      "toolbox": {
        "time": 0.0,
        "value": "750",
        "weight": "89",
        "capacity": 89
      },
      "baseline": {
        "time": 0.0,
        "value": "750",
        "weight": "89",
        "capacity": 89
      }
    },
    "optimal_feature_selection": {
      "toolbox": {
        "time": 0.014980792999267578,
        "num_features": 5,
        "score": 0.7690365309967215
      },
      "sklearn": {
        "time": 0.008468151092529297,
        "num_features": 5,
        "score": 0.9798237092091626
      }
    }
  },
  "summary": {
    "total_tests": 19,
    "toolbox_wins": 2,
    "sklearn_wins": 8,
    "ties": 4,
    "toolbox_errors": 0,
    "sklearn_errors": 0,
    "accuracy_comparison": {},
    "speed_comparison": {
      "binary_classification": 0.13511099483502537,
      "multiclass_classification": 0.0414244919525763,
      "simple_regression": 0.15163973159436725,
      "basic_clustering": 0.013474729504472635,
      "high_dim_classification": 0.10266734898172633,
      "imbalanced_classification": 0.11576820036428326,
      "time_series_regression": 0.027571594672485714,
      "multi_output_regression": 0.0931704867462965,
      "feature_selection": 0.06031754843723977,
      "very_high_dim": 0.12392338285266695,
      "nonlinear_patterns": 0.10995425188374597,
      "sparse_data": 0.0916566016707473,
      "noisy_data": 0.07603675400037618,
      "ensemble": 0.2097518455054554
    },
    "test_categories": {
      "simple_tests": {
        "total": 4,
        "toolbox_wins": 0,
        "sklearn_wins": 2,
        "ties": 2
      },
      "medium_tests": {
        "total": 5,
        "toolbox_wins": 1,
        "sklearn_wins": 3,
        "ties": 1
      },
      "hard_tests": {
        "total": 5,
        "toolbox_wins": 1,
        "sklearn_wins": 3,
        "ties": 1
      },
      "np_complete_tests": {
        "total": 5,
        "toolbox_wins": 0,
        "sklearn_wins": 0,
        "ties": 0
      }
    },
    "toolbox_win_rate": 10.526315789473683,
    "sklearn_win_rate": 42.10526315789473,
    "tie_rate": 21.052631578947366
  }
}